epoch,loss,f1_score
1,0.01741385817527771,0.3761840324763194
2,0.018537068367004396,0.3761840324763194
3,0.028525569438934327,0.3761840324763194
