epoch,loss,f1_score,accuracy
1,0.020250275135040283,0.3870967741935484,0.065
2,0.018470559120178223,0.3870967741935484,0.065
