epoch,loss,f1_score
1,1.0841494619846344,0.301
1,1.0627384877204895,0.2855
