epoch,loss,f1_score
1,1.0255688726902008,0.30625
